FREQUENCY,TIME,Value
A,1955,50.97925
A,1956,50.898959999999995
A,1957,51.94263
A,1958,51.17995
A,1959,54.204190000000004
A,1960,58.026830000000004
A,1961,58.32748
A,1962,58.88585
A,1963,61.16225
A,1964,65.54326
A,1965,67.51899999999999
A,1966,68.33508
A,1967,67.86261
A,1968,71.21279
A,1969,73.59737
A,1970,73.99186999999999
A,1971,73.60613000000001
A,1972,74.89485
A,1973,81.63653000000001
A,1974,80.01467
A,1975,75.69263000000001
A,1976,78.13857
A,1977,82.1976
A,1978,84.51204
A,1979,86.34431
A,1980,80.33904
A,1981,77.07779000000001
A,1982,77.26189000000001
A,1983,79.26949
A,1984,79.77796
A,1985,83.88083
A,1986,85.7131
A,1987,89.25488
A,1988,93.86623
A,1989,95.82999000000001
A,1990,95.85629
A,1991,92.65525
A,1992,93.06631
A,1993,95.06915
A,1994,100.0981
A,1995,101.8561
A,1996,103.2467
A,1997,105.9929
A,1998,106.8442
A,1999,107.999
A,2000,109.8365
A,2001,108.1676
A,2002,106.5492
A,2003,106.1109
A,2004,107.11399999999999
A,2005,106.5829
A,2006,107.704
A,2007,108.412
A,2008,105.7063
A,2009,97.61463
A,2010,100.9187
A,2011,100.8766
A,2012,98.53338000000001
A,2013,97.47977
A,2014,99.00539
A,2015,100.0
A,2016,101.1379
A,2017,103.2114
A,2018,103.6244
A,2019,102.5539
Q,1956-Q1,49.05808
Q,1956-Q2,48.90332
Q,1956-Q3,48.74857
Q,1956-Q4,48.90332
Q,1957-Q1,49.52235
Q,1957-Q2,49.98663
Q,1957-Q3,50.60566
Q,1957-Q4,49.83187
Q,1958-Q1,50.50506
Q,1958-Q2,49.511520000000004
Q,1958-Q3,49.18034
Q,1958-Q4,49.67711
Q,1959-Q1,50.00829
Q,1959-Q2,51.6642
Q,1959-Q3,52.49215
Q,1959-Q4,54.644819999999996
Q,1960-Q1,55.80396
Q,1960-Q2,55.80396
Q,1960-Q3,55.96954
Q,1960-Q4,56.30072
Q,1961-Q1,56.13514
Q,1961-Q2,56.30072
Q,1961-Q3,56.30072
Q,1961-Q4,55.96954
Q,1962-Q1,56.13514
Q,1962-Q2,56.96309
Q,1962-Q3,57.29427
Q,1962-Q4,56.6319
Q,1963-Q1,56.6319
Q,1963-Q2,58.12222
Q,1963-Q3,59.943709999999996
Q,1963-Q4,61.268440000000005
Q,1964-Q1,62.427569999999996
Q,1964-Q2,62.75875
Q,1964-Q3,63.08993
Q,1964-Q4,64.24906
Q,1965-Q1,65.07701
Q,1965-Q2,64.74583
Q,1965-Q3,64.74583
Q,1965-Q4,65.73937
Q,1966-Q1,66.73292
Q,1966-Q2,65.90496999999999
Q,1966-Q3,66.07056
Q,1966-Q4,64.58025
Q,1967-Q1,65.07701
Q,1967-Q2,65.07701
Q,1967-Q3,65.07701
Q,1967-Q4,66.40174
Q,1968-Q1,67.6087
Q,1968-Q2,68.45017
Q,1968-Q3,69.06509
Q,1968-Q4,69.25928
Q,1969-Q1,70.29493000000001
Q,1969-Q2,71.62186
Q,1969-Q3,71.03931
Q,1969-Q4,70.78039
Q,1970-Q1,71.00694
Q,1970-Q2,71.20113
Q,1970-Q3,71.33058
Q,1970-Q4,71.65422
Q,1971-Q1,70.97457
Q,1971-Q2,71.10403000000001
Q,1971-Q3,70.87748
Q,1971-Q4,70.71566
Q,1972-Q1,67.38216
Q,1972-Q2,72.46333
Q,1972-Q3,73.17534
Q,1972-Q4,75.69974
Q,1973-Q1,78.38596
Q,1973-Q2,78.54778
Q,1973-Q3,79.00089
Q,1973-Q4,78.7096
Q,1974-Q1,73.14296999999999
Q,1974-Q2,79.48634
Q,1974-Q3,79.35689
Q,1974-Q4,76.41175
Q,1975-Q1,75.34373000000001
Q,1975-Q2,72.3986
Q,1975-Q3,71.26585
Q,1975-Q4,72.65751
Q,1976-Q1,73.56371
Q,1976-Q2,74.923
Q,1976-Q3,74.85826999999999
Q,1976-Q4,77.90051
Q,1977-Q1,79.74526
Q,1977-Q2,79.2598
Q,1977-Q3,78.77434000000001
Q,1977-Q4,79.00089
Q,1978-Q1,79.35689
Q,1978-Q2,81.71947
Q,1978-Q3,82.43148000000001
Q,1978-Q4,82.2373
Q,1979-Q1,82.52857
Q,1979-Q2,86.47700999999999
Q,1979-Q3,84.69698000000001
Q,1979-Q4,84.66461
Q,1980-Q1,83.33768
Q,1980-Q2,80.13363000000001
Q,1980-Q3,77.22086
Q,1980-Q4,75.47319
Q,1981-Q1,75.47319
Q,1981-Q2,75.86156
Q,1981-Q3,76.99431
Q,1981-Q4,77.90051
Q,1982-Q1,77.18849
Q,1982-Q2,78.54778
Q,1982-Q3,78.54778
Q,1982-Q4,77.80341
Q,1983-Q1,79.48634
Q,1983-Q2,80.26308
Q,1983-Q3,81.26637
Q,1983-Q4,82.39912
Q,1984-Q1,83.01404000000001
Q,1984-Q2,80.36018
Q,1984-Q3,79.58344
Q,1984-Q4,80.61909
Q,1985-Q1,83.4995
Q,1985-Q2,86.76828
Q,1985-Q3,85.89445
Q,1985-Q4,85.31189
Q,1986-Q1,85.89445
Q,1986-Q2,87.18901
Q,1986-Q3,87.51266
Q,1986-Q4,89.0985
Q,1987-Q1,89.32504
Q,1987-Q2,90.19888
Q,1987-Q3,91.75236
Q,1987-Q4,92.59383000000001
Q,1988-Q1,93.69421
Q,1988-Q2,94.40621999999999
Q,1988-Q3,96.47752
Q,1988-Q4,96.83353000000001
Q,1989-Q1,96.96298
Q,1989-Q2,96.93061999999999
Q,1989-Q3,97.51318
Q,1989-Q4,97.80445
Q,1990-Q1,97.02771
Q,1990-Q2,98.45174
Q,1990-Q3,96.80116
Q,1990-Q4,95.89497
Q,1991-Q1,94.76222
Q,1991-Q2,93.66184
Q,1991-Q3,92.85274
Q,1991-Q4,93.85603
Q,1992-Q1,93.85603
Q,1992-Q2,93.40293
Q,1992-Q3,94.37386
Q,1992-Q4,94.85931
Q,1993-Q1,95.11823000000001
Q,1993-Q2,95.40951
Q,1993-Q3,96.44516
Q,1993-Q4,97.675
Q,1994-Q1,99.06666
Q,1994-Q2,101.1703
Q,1994-Q3,101.9471
Q,1994-Q4,103.2093
Q,1995-Q1,102.1736
Q,1995-Q2,103.0474
Q,1995-Q3,103.4358
Q,1995-Q4,103.8889
Q,1996-Q1,104.5362
Q,1996-Q2,103.8889
Q,1996-Q3,104.34200000000001
Q,1996-Q4,105.41
Q,1997-Q1,106.0688
Q,1997-Q2,105.4619
Q,1997-Q3,105.9676
Q,1997-Q4,106.4397
Q,1998-Q1,107.3163
Q,1998-Q2,107.0802
Q,1998-Q3,106.5408
Q,1998-Q4,106.3722
Q,1999-Q1,106.3722
Q,1999-Q2,106.7768
Q,1999-Q3,109.0357
Q,1999-Q4,109.6763
Q,2000-Q1,109.6763
Q,2000-Q2,109.8112
Q,2000-Q3,109.5752
Q,2000-Q4,110.1483
Q,2001-Q1,109.6089
Q,2001-Q2,108.294
Q,2001-Q3,108.0917
Q,2001-Q4,106.6082
Q,2002-Q1,107.1477
Q,2002-Q2,106.4059
Q,2002-Q3,106.5745
Q,2002-Q4,106.0014
Q,2003-Q1,105.7316
Q,2003-Q2,105.32700000000001
Q,2003-Q3,106.3385
Q,2003-Q4,107.0465
Q,2004-Q1,107.4174
Q,2004-Q2,107.7546
Q,2004-Q3,106.0351
Q,2004-Q4,107.0802
Q,2005-Q1,106.3385
Q,2005-Q2,107.2488
Q,2005-Q3,106.1025
Q,2005-Q4,106.5408
Q,2006-Q1,107.7208
Q,2006-Q2,107.5185
Q,2006-Q3,107.7208
Q,2006-Q4,107.7883
Q,2007-Q1,108.3277
Q,2007-Q2,108.53
Q,2007-Q3,108.1929
Q,2007-Q4,108.53
Q,2008-Q1,108.294
Q,2008-Q2,107.1477
Q,2008-Q3,105.9676
Q,2008-Q4,101.416
Q,2009-Q1,97.13419
Q,2009-Q2,97.63991999999999
Q,2009-Q3,97.33648000000001
Q,2009-Q4,98.21308
Q,2010-Q1,99.89886
Q,2010-Q2,100.8092
Q,2010-Q3,100.8766
Q,2010-Q4,102.0904
Q,2011-Q1,101.8881
Q,2011-Q2,100.944
Q,2011-Q3,100.5732
Q,2011-Q4,100.1349
Q,2012-Q1,99.62913
Q,2012-Q2,98.6851
Q,2012-Q3,98.81996
Q,2012-Q4,96.96561
Q,2013-Q1,96.83075
Q,2013-Q2,97.13419
Q,2013-Q3,97.77478
Q,2013-Q4,98.2468
Q,2014-Q1,98.65138
Q,2014-Q2,98.85368000000001
Q,2014-Q3,99.22455
Q,2014-Q4,99.32569000000001
Q,2015-Q1,99.83142
Q,2015-Q2,100.5394
Q,2015-Q3,100.0337
Q,2015-Q4,99.62913
Q,2016-Q1,99.93257
Q,2016-Q2,101.9218
Q,2016-Q3,101.0452
Q,2016-Q4,101.7869
Q,2017-Q1,102.4275
Q,2017-Q2,102.0904
Q,2017-Q3,103.0344
Q,2017-Q4,104.1133
Q,2018-Q1,103.9784
Q,2018-Q2,103.5401
Q,2018-Q3,104.1133
Q,2018-Q4,103.2367
Q,2019-Q1,104.1133
Q,2019-Q2,102.2926
Q,2019-Q3,101.8881
Q,2019-Q4,101.3823
Q,2020-Q1,99.89886
Q,2020-Q2,83.00742
M,1956-01,49.21284
M,1956-02,49.21284
M,1956-03,48.74857
M,1956-04,49.21284
M,1956-05,48.284290000000006
M,1956-06,49.21284
M,1956-07,48.74857
M,1956-08,48.284290000000006
M,1956-09,49.21284
M,1956-10,48.74857
M,1956-11,49.21284
M,1956-12,48.74857
M,1957-01,49.21284
M,1957-02,50.14138
M,1957-03,49.21284
M,1957-04,49.21284
M,1957-05,50.14138
M,1957-06,50.60566
M,1957-07,50.60566
M,1957-08,50.60566
M,1957-09,50.60566
M,1957-10,49.67711
M,1957-11,50.60566
M,1957-12,49.21284
M,1958-01,49.67711
M,1958-02,50.67065
M,1958-03,51.16742
M,1958-04,49.18034
M,1958-05,49.67711
M,1958-06,49.67711
M,1958-07,49.18034
M,1958-08,49.18034
M,1958-09,49.18034
M,1958-10,49.18034
M,1958-11,49.67711
M,1958-12,50.17388
M,1959-01,50.17388
M,1959-02,50.17388
M,1959-03,49.67711
M,1959-04,51.6642
M,1959-05,51.6642
M,1959-06,51.6642
M,1959-07,52.160959999999996
M,1959-08,52.160959999999996
M,1959-09,53.154509999999995
M,1959-10,54.14805
M,1959-11,54.644819999999996
M,1959-12,55.14159
M,1960-01,55.63836
M,1960-02,55.63836
M,1960-03,56.13514
M,1960-04,55.63836
M,1960-05,56.13514
M,1960-06,55.63836
M,1960-07,55.63836
M,1960-08,56.13514
M,1960-09,56.13514
M,1960-10,56.6319
M,1960-11,56.13514
M,1960-12,56.13514
M,1961-01,56.13514
M,1961-02,56.13514
M,1961-03,56.13514
M,1961-04,56.6319
M,1961-05,55.63836
M,1961-06,56.6319
M,1961-07,57.12868
M,1961-08,56.13514
M,1961-09,55.63836
M,1961-10,56.13514
M,1961-11,55.63836
M,1961-12,56.13514
M,1962-01,55.63836
M,1962-02,56.13514
M,1962-03,56.6319
M,1962-04,56.6319
M,1962-05,57.12868
M,1962-06,57.12868
M,1962-07,57.12868
M,1962-08,57.12868
M,1962-09,57.62545
M,1962-10,56.6319
M,1962-11,56.6319
M,1962-12,56.6319
M,1963-01,55.63836
M,1963-02,56.6319
M,1963-03,57.62545
M,1963-04,57.12868
M,1963-05,58.12222
M,1963-06,59.115759999999995
M,1963-07,59.61253000000001
M,1963-08,60.1093
M,1963-09,60.1093
M,1963-10,60.606080000000006
M,1963-11,61.599619999999994
M,1963-12,61.599619999999994
M,1964-01,62.09639
M,1964-02,62.59316
M,1964-03,62.59316
M,1964-04,62.59316
M,1964-05,62.59316
M,1964-06,63.08993
M,1964-07,62.59316
M,1964-08,63.5867
M,1964-09,63.08993
M,1964-10,63.5867
M,1964-11,64.08346999999999
M,1964-12,65.07701
M,1965-01,66.07056
M,1965-02,65.07701
M,1965-03,64.08346999999999
M,1965-04,64.58025
M,1965-05,65.07701
M,1965-06,64.58025
M,1965-07,65.07701
M,1965-08,64.58025
M,1965-09,64.58025
M,1965-10,65.57378
M,1965-11,65.57378
M,1965-12,66.07056
M,1966-01,66.56733
M,1966-02,66.07056
M,1966-03,67.56087
M,1966-04,66.56733
M,1966-05,65.57378
M,1966-06,65.57378
M,1966-07,66.56733
M,1966-08,66.07056
M,1966-09,65.57378
M,1966-10,64.58025
M,1966-11,64.08346999999999
M,1966-12,65.07701
M,1967-01,65.07701
M,1967-02,65.07701
M,1967-03,65.07701
M,1967-04,65.57378
M,1967-05,64.58025
M,1967-06,65.07701
M,1967-07,65.07701
M,1967-08,65.07701
M,1967-09,65.07701
M,1967-10,65.57378
M,1967-11,66.07056
M,1967-12,67.56087
M,1968-01,66.89669
M,1968-02,67.67343000000001
M,1968-03,68.25599
M,1968-04,67.96471
M,1968-05,68.64435999999999
M,1968-06,68.74145
M,1968-07,68.74145
M,1968-08,69.32401
M,1968-09,69.12982
M,1968-10,68.64435999999999
M,1968-11,69.22691
M,1968-12,69.90656
M,1969-01,70.10075
M,1969-02,70.39202
M,1969-03,70.39202
M,1969-04,71.46004
M,1969-05,71.46004
M,1969-06,71.9455
M,1969-07,71.65422
M,1969-08,70.6833
M,1969-09,70.78039
M,1969-10,69.61528
M,1969-11,71.07167
M,1969-12,71.65422
M,1970-01,69.90656
M,1970-02,71.16875999999999
M,1970-03,71.9455
M,1970-04,71.65422
M,1970-05,70.87748
M,1970-06,71.07167
M,1970-07,71.36295
M,1970-08,71.46004
M,1970-09,71.16875999999999
M,1970-10,72.13969
M,1970-11,71.07167
M,1970-12,71.75131
M,1971-01,72.13969
M,1971-02,70.78039
M,1971-03,70.00365
M,1971-04,70.97457
M,1971-05,71.26585
M,1971-06,71.07167
M,1971-07,70.78039
M,1971-08,71.26585
M,1971-09,70.5862
M,1971-10,70.6833
M,1971-11,70.48911
M,1971-12,70.97457
M,1972-01,68.93563
M,1972-02,63.498459999999994
M,1972-03,69.71236999999999
M,1972-04,71.36295
M,1972-05,72.81933000000001
M,1972-06,73.2077
M,1972-07,72.33386999999999
M,1972-08,73.01352
M,1972-09,74.17863
M,1972-10,75.05246
M,1972-11,75.7321
M,1972-12,76.31466
M,1973-01,78.54778
M,1973-02,77.86814
M,1973-03,78.74197
M,1973-04,78.06232
M,1973-05,78.06232
M,1973-06,79.51871
M,1973-07,79.13034
M,1973-08,79.13034
M,1973-09,78.74197
M,1973-10,79.51871
M,1973-11,78.64487
M,1973-12,77.96523
M,1974-01,72.23678000000001
M,1974-02,72.33386999999999
M,1974-03,74.85826999999999
M,1974-04,78.74197
M,1974-05,79.7129
M,1974-06,80.00417
M,1974-07,79.7129
M,1974-08,79.90708000000001
M,1974-09,78.45069000000001
M,1974-10,76.89721999999999
M,1974-11,76.80011999999999
M,1974-12,75.53792
M,1975-01,76.21757
M,1975-02,75.63501
M,1975-03,74.17863
M,1975-04,72.91642
M,1975-05,71.8484
M,1975-06,72.43096
M,1975-07,71.46004
M,1975-08,70.48911
M,1975-09,71.8484
M,1975-10,72.72224
M,1975-11,72.81933000000001
M,1975-12,72.43096
M,1976-01,72.91642
M,1976-02,73.79025
M,1976-03,73.98444
M,1976-04,74.66409
M,1976-05,75.82919
M,1976-06,74.27571999999999
M,1976-07,74.56699
M,1976-08,74.37281
M,1976-09,75.63501
M,1976-10,77.28558000000001
M,1976-11,77.96523
M,1976-12,78.45069000000001
M,1977-01,79.90708000000001
M,1977-02,79.6158
M,1977-03,79.7129
M,1977-04,78.93616
M,1977-05,81.07219
M,1977-06,77.77104
M,1977-07,78.15942
M,1977-08,78.93616
M,1977-09,79.22743
M,1977-10,78.93616
M,1977-11,78.3536
M,1977-12,79.7129
M,1978-01,79.7129
M,1978-02,79.6158
M,1978-03,78.74197
M,1978-04,83.5966
M,1978-05,80.78090999999999
M,1978-06,80.78090999999999
M,1978-07,81.94601999999999
M,1978-08,82.72276
M,1978-09,82.62567
M,1978-10,81.07219
M,1978-11,81.55765
M,1978-12,84.08205
M,1979-01,78.25650999999999
M,1979-02,84.08205
M,1979-03,85.24716
M,1979-04,85.15007
M,1979-05,86.41226999999999
M,1979-06,87.86865999999999
M,1979-07,86.80064
M,1979-08,83.79078
M,1979-09,83.4995
M,1979-10,83.79078
M,1979-11,84.8588
M,1979-12,85.34425
M,1980-01,84.8588
M,1980-02,82.81985
M,1980-03,82.33439
M,1980-04,80.00417
M,1980-05,80.19836
M,1980-06,80.19836
M,1980-07,78.45069000000001
M,1980-08,77.28558000000001
M,1980-09,75.92629000000001
M,1980-10,75.63501
M,1980-11,75.63501
M,1980-12,75.14955
M,1981-01,75.05246
M,1981-02,75.63501
M,1981-03,75.7321
M,1981-04,76.02338
M,1981-05,74.95537
M,1981-06,76.60593
M,1981-07,76.80011999999999
M,1981-08,76.99431
M,1981-09,77.18849
M,1981-10,78.93616
M,1981-11,77.96523
M,1981-12,76.80011999999999
M,1982-01,76.80011999999999
M,1982-02,77.28558000000001
M,1982-03,77.47977
M,1982-04,78.45069000000001
M,1982-05,79.13034
M,1982-06,78.06232
M,1982-07,78.06232
M,1982-08,78.74197
M,1982-09,78.83906999999999
M,1982-10,78.3536
M,1982-11,76.99431
M,1982-12,78.06232
M,1983-01,79.13034
M,1983-02,80.19836
M,1983-03,79.13034
M,1983-04,80.00417
M,1983-05,80.9751
M,1983-06,79.80999
M,1983-07,81.07219
M,1983-08,81.16928
M,1983-09,81.55765
M,1983-10,82.33439
M,1983-11,82.2373
M,1983-12,82.62567
M,1984-01,83.88786999999999
M,1984-02,83.11113
M,1984-03,82.04311
M,1984-04,80.48963
M,1984-05,80.00417
M,1984-06,80.58672
M,1984-07,79.32451999999999
M,1984-08,79.03325
M,1984-09,80.39254
M,1984-10,80.48963
M,1984-11,80.00417
M,1984-12,81.36346
M,1985-01,82.81985
M,1985-02,82.81985
M,1985-03,84.8588
M,1985-04,85.63554
M,1985-05,86.41226999999999
M,1985-06,88.25703
M,1985-07,84.8588
M,1985-08,85.63554
M,1985-09,87.18901
M,1985-10,85.34425
M,1985-11,86.41226999999999
M,1985-12,84.17915
M,1986-01,85.15007
M,1986-02,85.82972
M,1986-03,86.70355
M,1986-04,87.77157
M,1986-05,86.31518
M,1986-06,87.48029
M,1986-07,86.80064
M,1986-08,86.80064
M,1986-09,88.93668000000001
M,1986-10,89.22795
M,1986-11,88.83958
M,1986-12,89.22795
M,1987-01,87.57738
M,1987-02,90.39307
M,1987-03,90.00469
M,1987-04,89.22795
M,1987-05,90.87852
M,1987-06,90.49016
M,1987-07,92.14072
M,1987-08,91.84945
M,1987-09,91.26689
M,1987-10,92.33492
M,1987-11,92.33492
M,1987-12,93.11165
M,1988-01,93.98548000000001
M,1988-02,92.82037
M,1988-03,94.27676
M,1988-04,93.59711
M,1988-05,94.66513
M,1988-06,94.95640999999999
M,1988-07,95.44187
M,1988-08,96.50989
M,1988-09,97.48080999999999
M,1988-10,96.4128
M,1988-11,97.38372
M,1988-12,96.70407
M,1989-01,97.18954000000001
M,1989-02,97.48080999999999
M,1989-03,96.21861
M,1989-04,98.54883000000001
M,1989-05,96.12151
M,1989-06,96.12151
M,1989-07,96.3157
M,1989-08,98.35464
M,1989-09,97.86918
M,1989-10,97.28663
M,1989-11,98.16046
M,1989-12,97.96627
M,1990-01,96.99535
M,1990-02,96.4128
M,1990-03,97.675
M,1990-04,98.35464
M,1990-05,97.77209
M,1990-06,99.22848
M,1990-07,96.89825
M,1990-08,96.99535
M,1990-09,96.50989
M,1990-10,96.4128
M,1990-11,95.92733
M,1990-12,95.34478
M,1991-01,95.15059000000001
M,1991-02,95.0535
M,1991-03,94.08256999999999
M,1991-04,92.82037
M,1991-05,93.88839
M,1991-06,94.27676
M,1991-07,93.40293
M,1991-08,92.5291
M,1991-09,92.62619000000001
M,1991-10,93.7913
M,1991-11,94.08256999999999
M,1991-12,93.69421
M,1992-01,93.59711
M,1992-02,94.17966
M,1992-03,93.7913
M,1992-04,94.37386
M,1992-05,92.43200999999999
M,1992-06,93.40293
M,1992-07,94.27676
M,1992-08,94.08256999999999
M,1992-09,94.76222
M,1992-10,95.73315
M,1992-11,94.47095
M,1992-12,94.37386
M,1993-01,94.47095
M,1993-02,95.83024
M,1993-03,95.0535
M,1993-04,95.15059000000001
M,1993-05,95.83024
M,1993-06,95.24769
M,1993-07,96.12151
M,1993-08,96.4128
M,1993-09,96.80116
M,1993-10,96.99535
M,1993-11,97.86918
M,1993-12,98.16046
M,1994-01,98.74301
M,1994-02,99.03429
M,1994-03,99.42266
M,1994-04,100.6849
M,1994-05,102.0442
M,1994-06,100.78200000000001
M,1994-07,101.3645
M,1994-08,101.7529
M,1994-09,102.7238
M,1994-10,102.91799999999999
M,1994-11,102.8209
M,1994-12,103.8889
M,1995-01,102.0442
M,1995-02,102.0442
M,1995-03,102.4325
M,1995-04,103.3064
M,1995-05,103.2093
M,1995-06,102.6267
M,1995-07,103.2093
M,1995-08,103.4035
M,1995-09,103.6947
M,1995-10,103.3064
M,1995-11,103.8889
M,1995-12,104.4715
M,1996-01,103.986
M,1996-02,104.7627
M,1996-03,104.8598
M,1996-04,103.5976
M,1996-05,104.3744
M,1996-06,103.6947
M,1996-07,103.6947
M,1996-08,104.3744
M,1996-09,104.9569
M,1996-10,104.8598
M,1996-11,105.4424
M,1996-12,105.9279
M,1997-01,106.2036
M,1997-02,106.5071
M,1997-03,105.4956
M,1997-04,105.6979
M,1997-05,105.2933
M,1997-06,105.3945
M,1997-07,107.0128
M,1997-08,105.1922
M,1997-09,105.6979
M,1997-10,106.3048
M,1997-11,106.7094
M,1997-12,106.3048
M,1998-01,106.6082
M,1998-02,107.5185
M,1998-03,107.822
M,1998-04,107.7208
M,1998-05,106.8105
M,1998-06,106.7094
M,1998-07,107.0128
M,1998-08,106.3048
M,1998-09,106.3048
M,1998-10,106.4059
M,1998-11,106.2036
M,1998-12,106.5071
M,1999-01,106.2036
M,1999-02,106.0014
M,1999-03,106.9117
M,1999-04,105.9002
M,1999-05,106.9117
M,1999-06,107.5185
M,1999-07,107.9231
M,1999-08,109.4403
M,1999-09,109.7438
M,1999-10,109.6426
M,1999-11,110.1483
M,1999-12,109.238
M,2000-01,109.238
M,2000-02,110.0472
M,2000-03,109.7438
M,2000-04,109.4403
M,2000-05,109.7438
M,2000-06,110.2495
M,2000-07,109.1369
M,2000-08,110.3506
M,2000-09,109.238
M,2000-10,109.5415
M,2000-11,110.6541
M,2000-12,110.2495
M,2001-01,110.1483
M,2001-02,109.4403
M,2001-03,109.238
M,2001-04,108.2266
M,2001-05,108.3277
M,2001-06,108.3277
M,2001-07,107.3163
M,2001-08,109.1369
M,2001-09,107.822
M,2001-10,106.9117
M,2001-11,106.4059
M,2001-12,106.5071
M,2002-01,106.4059
M,2002-02,106.8105
M,2002-03,108.2266
M,2002-04,106.9117
M,2002-05,108.3277
M,2002-06,103.9784
M,2002-07,105.7991
M,2002-08,106.7094
M,2002-09,107.2151
M,2002-10,106.1025
M,2002-11,105.7991
M,2002-12,106.1025
M,2003-01,105.3945
M,2003-02,106.0014
M,2003-03,105.7991
M,2003-04,105.2933
M,2003-05,104.9899
M,2003-06,105.6979
M,2003-07,106.4059
M,2003-08,106.4059
M,2003-09,106.2036
M,2003-10,107.2151
M,2003-11,106.6082
M,2003-12,107.3163
M,2004-01,107.0128
M,2004-02,106.6082
M,2004-03,108.6311
M,2004-04,108.0243
M,2004-05,107.6197
M,2004-06,107.6197
M,2004-07,105.9002
M,2004-08,105.7991
M,2004-09,106.4059
M,2004-10,106.7094
M,2004-11,107.2151
M,2004-12,107.3163
M,2005-01,106.9117
M,2005-02,107.0128
M,2005-03,105.09100000000001
M,2005-04,107.0128
M,2005-05,107.3163
M,2005-06,107.4174
M,2005-07,106.8105
M,2005-08,106.0014
M,2005-09,105.4956
M,2005-10,105.3945
M,2005-11,106.6082
M,2005-12,107.6197
M,2006-01,108.0243
M,2006-02,107.4174
M,2006-03,107.7208
M,2006-04,107.3163
M,2006-05,107.2151
M,2006-06,108.0243
M,2006-07,107.11399999999999
M,2006-08,107.9231
M,2006-09,108.1254
M,2006-10,107.7208
M,2006-11,108.2266
M,2006-12,107.4174
M,2007-01,108.9346
M,2007-02,108.0243
M,2007-03,108.0243
M,2007-04,107.7208
M,2007-05,109.5415
M,2007-06,108.3277
M,2007-07,107.9231
M,2007-08,108.8334
M,2007-09,107.822
M,2007-10,108.3277
M,2007-11,108.7323
M,2007-12,108.53
M,2008-01,109.0357
M,2008-02,108.8334
M,2008-03,107.0128
M,2008-04,108.2266
M,2008-05,107.11399999999999
M,2008-06,106.1025
M,2008-07,105.9002
M,2008-08,106.8105
M,2008-09,105.1922
M,2008-10,103.9784
M,2008-11,100.6406
M,2008-12,99.62913
M,2009-01,97.30275999999999
M,2009-02,97.20161999999999
M,2009-03,96.89818000000001
M,2009-04,98.51652
M,2009-05,96.89818000000001
M,2009-06,97.50506
M,2009-07,98.51652
M,2009-08,96.19015999999999
M,2009-09,97.30275999999999
M,2009-10,97.80849
M,2009-11,98.51652
M,2009-12,98.31421999999999
M,2010-01,98.61766999999999
M,2010-02,99.73028000000001
M,2010-03,101.3486
M,2010-04,101.1463
M,2010-05,101.1463
M,2010-06,100.1349
M,2010-07,100.1349
M,2010-08,101.1463
M,2010-09,101.3486
M,2010-10,101.7532
M,2010-11,102.0566
M,2010-12,102.4612
M,2011-01,102.96700000000001
M,2011-02,101.3486
M,2011-03,101.3486
M,2011-04,100.236
M,2011-05,101.2475
M,2011-06,101.3486
M,2011-07,100.8429
M,2011-08,100.5394
M,2011-09,100.3372
M,2011-10,100.3372
M,2011-11,100.0337
M,2011-12,100.0337
M,2012-01,100.1349
M,2012-02,99.83142
M,2012-03,98.9211
M,2012-04,98.9211
M,2012-05,99.52798
M,2012-06,97.6062
M,2012-07,100.236
M,2012-08,99.62913
M,2012-09,96.59474
M,2012-10,96.2913
M,2012-11,96.99933
M,2012-12,97.6062
M,2013-01,96.69588
M,2013-02,96.59474
M,2013-03,97.20161999999999
M,2013-04,96.59474
M,2013-05,97.10047
M,2013-06,97.70735
M,2013-07,97.80849
M,2013-08,97.20161999999999
M,2013-09,98.31421999999999
M,2013-10,98.21308
M,2013-11,98.11194
M,2013-12,98.41537
M,2014-01,98.41537
M,2014-02,98.9211
M,2014-03,98.61766999999999
M,2014-04,98.9211
M,2014-05,98.71880999999999
M,2014-06,98.9211
M,2014-07,99.42683000000001
M,2014-08,98.81996
M,2014-09,99.42683000000001
M,2014-10,99.22455
M,2014-11,99.22455
M,2014-12,99.52798
M,2015-01,99.32569000000001
M,2015-02,99.83142
M,2015-03,100.3372
M,2015-04,100.6406
M,2015-05,100.4383
M,2015-06,100.5394
M,2015-07,99.62913
M,2015-08,100.1349
M,2015-09,100.3372
M,2015-10,100.5394
M,2015-11,99.42683000000001
M,2015-12,98.9211
M,2016-01,100.0337
M,2016-02,99.52798
M,2016-03,100.236
M,2016-04,103.0681
M,2016-05,101.7532
M,2016-06,100.944
M,2016-07,100.944
M,2016-08,101.0452
M,2016-09,101.1463
M,2016-10,100.1349
M,2016-11,101.7532
M,2016-12,103.4727
M,2017-01,103.2704
M,2017-02,102.3601
M,2017-03,101.6521
M,2017-04,101.8543
M,2017-05,102.1578
M,2017-06,102.2589
M,2017-07,102.5624
M,2017-08,102.6635
M,2017-09,103.8773
M,2017-10,104.1807
M,2017-11,104.1807
M,2017-12,103.9784
M,2018-01,103.8773
M,2018-02,104.0796
M,2018-03,103.9784
M,2018-04,103.4727
M,2018-05,103.0681
M,2018-06,104.0796
M,2018-07,104.383
M,2018-08,104.2819
M,2018-09,103.675
M,2018-10,103.5738
M,2018-11,103.3715
M,2018-12,102.7647
M,2019-01,103.675
M,2019-02,103.7761
M,2019-03,104.8887
M,2019-04,101.6521
M,2019-05,102.6635
M,2019-06,102.5624
M,2019-07,102.3601
M,2019-08,101.6521
M,2019-09,101.6521
M,2019-10,102.0566
M,2019-11,101.1463
M,2019-12,100.944
M,2020-01,101.1463
M,2020-02,101.4498
M,2020-03,97.10047
M,2020-04,77.27579
M,2020-05,82.02967
M,2020-06,89.71679
